month,region,no_of_visitor_arrivals
1978-01,Asia,96164
1978-01,Europe,25643
1978-01,Americas,10105
1978-01,Oceania,32710
1978-01,Africa,587
1978-02,Asia,92829
1978-02,Europe,26929
1978-02,Americas,9996
1978-02,Oceania,17189
1978-02,Africa,354
1978-03,Asia,101154
1978-03,Europe,29549
1978-03,Americas,11982
1978-03,Oceania,19637
1978-03,Africa,405
1978-04,Asia,101467
1978-04,Europe,25613
1978-04,Americas,13951
1978-04,Oceania,20123
1978-04,Africa,736
1978-05,Asia,98048
1978-05,Europe,20421
1978-05,Americas,17022
1978-05,Oceania,26288
1978-05,Africa,514
1978-06,Asia,96209
1978-06,Europe,17048
1978-06,Americas,12675
1978-06,Oceania,22834
1978-06,Africa,688
1978-07,Asia,106677
1978-07,Europe,29135
1978-07,Americas,13928
1978-07,Oceania,24986
1978-07,Africa,662
1978-08,Asia,128157
1978-08,Europe,32959
1978-08,Americas,11771
1978-08,Oceania,27432
1978-08,Africa,617
1978-09,Asia,104927
1978-09,Europe,24496
1978-09,Americas,11026
1978-09,Oceania,26114
1978-09,Africa,866
1978-10,Asia,106463
1978-10,Europe,29428
1978-10,Americas,16983
1978-10,Oceania,23513
1978-10,Africa,701
1978-11,Asia,113162
1978-11,Europe,32784
1978-11,Americas,15438
1978-11,Oceania,18714
1978-11,Africa,650
1978-12,Asia,124673
1978-12,Europe,26579
1978-12,Americas,9210
1978-12,Oceania,27490
1978-12,Africa,841
1979-01,Asia,105514
1979-01,Europe,31023
1979-01,Americas,9500
1979-01,Oceania,32074
1979-01,Africa,729
1979-02,Asia,100989
1979-02,Europe,31150
1979-02,Americas,10558
1979-02,Oceania,16686
1979-02,Africa,458
1979-03,Asia,112224
1979-03,Europe,33856
1979-03,Americas,12324
1979-03,Oceania,17050
1979-03,Africa,475
1979-04,Asia,114286
1979-04,Europe,31821
1979-04,Americas,12278
1979-04,Oceania,19760
1979-04,Africa,878
1979-05,Asia,110605
1979-05,Europe,24089
1979-05,Americas,13281
1979-05,Oceania,25726
1979-05,Africa,698
1979-06,Asia,117109
1979-06,Europe,24205
1979-06,Americas,11702
1979-06,Oceania,23361
1979-06,Africa,601
1979-07,Asia,128288
1979-07,Europe,34302
1979-07,Americas,13056
1979-07,Oceania,23451
1979-07,Africa,703
1979-08,Asia,135859
1979-08,Europe,36803
1979-08,Americas,12066
1979-08,Oceania,27725
1979-08,Africa,707
1979-09,Asia,113801
1979-09,Europe,26788
1979-09,Americas,11235
1979-09,Oceania,26370
1979-09,Africa,818
1979-10,Asia,121432
1979-10,Europe,33652
1979-10,Americas,16113
1979-10,Oceania,22257
1979-10,Africa,831
1979-11,Asia,127250
1979-11,Europe,36906
1979-11,Americas,15909
1979-11,Oceania,17486
1979-11,Africa,671
1979-12,Asia,142484
1979-12,Europe,31278
1979-12,Americas,10532
1979-12,Oceania,23526
1979-12,Africa,1109
1980-01,Asia,122158
1980-01,Europe,33908
1980-01,Americas,11478
1980-01,Oceania,31933
1980-01,Africa,1016
1980-02,Asia,122808
1980-02,Europe,33587
1980-02,Americas,12963
1980-02,Oceania,18690
1980-02,Africa,626
1980-03,Asia,130121
1980-03,Europe,39283
1980-03,Americas,14196
1980-03,Oceania,19765
1980-03,Africa,702
1980-04,Asia,129556
1980-04,Europe,31273
1980-04,Americas,13428
1980-04,Oceania,23016
1980-04,Africa,947
1980-05,Asia,132533
1980-05,Europe,28974
1980-05,Americas,14724
1980-05,Oceania,26709
1980-05,Africa,762
1980-06,Asia,128581
1980-06,Europe,25972
1980-06,Americas,13405
1980-06,Oceania,26247
1980-06,Africa,713
1980-07,Asia,144545
1980-07,Europe,37001
1980-07,Americas,15256
1980-07,Oceania,29063
1980-07,Africa,867
1980-08,Asia,161067
1980-08,Europe,41659
1980-08,Americas,14299
1980-08,Oceania,29002
1980-08,Africa,995
1980-09,Asia,126736
1980-09,Europe,29775
1980-09,Americas,13397
1980-09,Oceania,27727
1980-09,Africa,938
1980-10,Asia,135337
1980-10,Europe,37821
1980-10,Americas,18564
1980-10,Oceania,27363
1980-10,Africa,990
1980-11,Asia,141945
1980-11,Europe,38317
1980-11,Americas,18368
1980-11,Oceania,24616
1980-11,Africa,817
1980-12,Asia,170878
1980-12,Europe,35903
1980-12,Americas,11969
1980-12,Oceania,27715
1980-12,Africa,1122
1981-01,Asia,140520
1981-01,Europe,39109
1981-01,Americas,13646
1981-01,Oceania,32378
1981-01,Africa,1497
1981-02,Asia,141536
1981-02,Europe,36003
1981-02,Americas,15612
1981-02,Oceania,21591
1981-02,Africa,698
1981-03,Asia,147525
1981-03,Europe,40798
1981-03,Americas,14818
1981-03,Oceania,21395
1981-03,Africa,870
1981-04,Asia,148348
1981-04,Europe,38167
1981-04,Americas,15263
1981-04,Oceania,23100
1981-04,Africa,882
1981-05,Asia,145473
1981-05,Europe,30605
1981-05,Americas,16726
1981-05,Oceania,26451
1981-05,Africa,932
1981-06,Asia,155323
1981-06,Europe,26486
1981-06,Americas,14905
1981-06,Oceania,28192
1981-06,Africa,787
1981-07,Asia,167021
1981-07,Europe,40058
1981-07,Americas,16685
1981-07,Oceania,30293
1981-07,Africa,1118
1981-08,Asia,182654
1981-08,Europe,46267
1981-08,Americas,15388
1981-08,Oceania,30210
1981-08,Africa,1149
1981-09,Asia,133895
1981-09,Europe,32118
1981-09,Americas,12854
1981-09,Oceania,26882
1981-09,Africa,1056
1981-10,Asia,150526
1981-10,Europe,40914
1981-10,Americas,18965
1981-10,Oceania,28594
1981-10,Africa,1091
1981-11,Asia,159086
1981-11,Europe,39964
1981-11,Americas,17791
1981-11,Oceania,27379
1981-11,Africa,823
1981-12,Asia,181939
1981-12,Europe,37010
1981-12,Americas,12621
1981-12,Oceania,29564
1981-12,Africa,1641
1982-01,Asia,153973
1982-01,Europe,37600
1982-01,Americas,12654
1982-01,Oceania,32964
1982-01,Africa,1570
1982-02,Asia,149790
1982-02,Europe,37046
1982-02,Americas,15162
1982-02,Oceania,21465
1982-02,Africa,1112
1982-03,Asia,152872
1982-03,Europe,39669
1982-03,Americas,15901
1982-03,Oceania,25585
1982-03,Africa,922
1982-04,Asia,148567
1982-04,Europe,35613
1982-04,Americas,16164
1982-04,Oceania,24377
1982-04,Africa,955
1982-05,Asia,157015
1982-05,Europe,30016
1982-05,Americas,17131
1982-05,Oceania,27511
1982-05,Africa,868
1982-06,Asia,166992
1982-06,Europe,26525
1982-06,Americas,14354
1982-06,Oceania,35173
1982-06,Africa,757
1982-07,Asia,189111
1982-07,Europe,37425
1982-07,Americas,16309
1982-07,Oceania,34074
1982-07,Africa,781
1982-08,Asia,188594
1982-08,Europe,41129
1982-08,Americas,15172
1982-08,Oceania,35136
1982-08,Africa,1073
1982-09,Asia,155276
1982-09,Europe,31303
1982-09,Americas,13735
1982-09,Oceania,30308
1982-09,Africa,1188
1982-10,Asia,165398
1982-10,Europe,36681
1982-10,Americas,19651
1982-10,Oceania,28758
1982-10,Africa,949
1982-11,Asia,174941
1982-11,Europe,37681
1982-11,Americas,16628
1982-11,Oceania,26912
1982-11,Africa,1036
1982-12,Asia,176424
1982-12,Europe,33830
1982-12,Americas,13858
1982-12,Oceania,28940
1982-12,Africa,1400
1983-01,Asia,147173
1983-01,Europe,37184
1983-01,Americas,14725
1983-01,Oceania,31645
1983-01,Africa,1359
1983-02,Asia,146399
1983-02,Europe,32877
1983-02,Americas,14230
1983-02,Oceania,18373
1983-02,Africa,654
1983-03,Asia,162091
1983-03,Europe,39149
1983-03,Americas,17103
1983-03,Oceania,23077
1983-03,Africa,804
1983-04,Asia,152278
1983-04,Europe,34228
1983-04,Americas,16749
1983-04,Oceania,22473
1983-04,Africa,852
1983-05,Asia,157970
1983-05,Europe,30296
1983-05,Americas,17862
1983-05,Oceania,29522
1983-05,Africa,1037
1983-06,Asia,155124
1983-06,Europe,26056
1983-06,Americas,17102
1983-06,Oceania,28702
1983-06,Africa,815
1983-07,Asia,166276
1983-07,Europe,36438
1983-07,Americas,17215
1983-07,Oceania,29012
1983-07,Africa,917
1983-08,Asia,173997
1983-08,Europe,39112
1983-08,Americas,16535
1983-08,Oceania,32509
1983-08,Africa,1044
1983-09,Asia,150455
1983-09,Europe,31629
1983-09,Americas,15444
1983-09,Oceania,31325
1983-09,Africa,1188
1983-10,Asia,150327
1983-10,Europe,36835
1983-10,Americas,22763
1983-10,Oceania,28920
1983-10,Africa,1128
1983-11,Asia,154980
1983-11,Europe,39194
1983-11,Americas,19538
1983-11,Oceania,22433
1983-11,Africa,1045
1983-12,Asia,175920
1983-12,Europe,35066
1983-12,Americas,14813
1983-12,Oceania,27447
1983-12,Africa,1663
1984-01,Asia,146570
1984-01,Europe,38344
1984-01,Americas,15674
1984-01,Oceania,31593
1984-01,Africa,1644
1984-02,Asia,148570
1984-02,Europe,36707
1984-02,Americas,16407
1984-02,Oceania,19363
1984-02,Africa,888
1984-03,Asia,158792
1984-03,Europe,39297
1984-03,Americas,18727
1984-03,Oceania,21630
1984-03,Africa,934
1984-04,Asia,162619
1984-04,Europe,39346
1984-04,Americas,16874
1984-04,Oceania,25582
1984-04,Africa,1020
1984-05,Asia,162945
1984-05,Europe,32447
1984-05,Americas,19802
1984-05,Oceania,32662
1984-05,Africa,1077
1984-06,Asia,163541
1984-06,Europe,26877
1984-06,Americas,16992
1984-06,Oceania,31814
1984-06,Africa,908
1984-07,Asia,171923
1984-07,Europe,37822
1984-07,Americas,17204
1984-07,Oceania,33273
1984-07,Africa,1133
1984-08,Asia,184228
1984-08,Europe,41075
1984-08,Americas,15988
1984-08,Oceania,39594
1984-08,Africa,1228
1984-09,Asia,152975
1984-09,Europe,33367
1984-09,Americas,16236
1984-09,Oceania,35528
1984-09,Africa,1281
1984-10,Asia,161258
1984-10,Europe,40637
1984-10,Americas,23260
1984-10,Oceania,31496
1984-10,Africa,1027
1984-11,Asia,157936
1984-11,Europe,41181
1984-11,Americas,19970
1984-11,Oceania,28056
1984-11,Africa,933
1984-12,Asia,187932
1984-12,Europe,37858
1984-12,Americas,16726
1984-12,Oceania,28559
1984-12,Africa,1442
1985-01,Asia,155811
1985-01,Europe,38909
1985-01,Americas,16689
1985-01,Oceania,35942
1985-01,Africa,966
1985-02,Asia,154200
1985-02,Europe,37414
1985-02,Americas,16954
1985-02,Oceania,21515
1985-02,Africa,628
1985-03,Asia,169292
1985-03,Europe,46387
1985-03,Americas,20311
1985-03,Oceania,25112
1985-03,Africa,920
1985-04,Asia,152571
1985-04,Europe,39575
1985-04,Americas,17271
1985-04,Oceania,26688
1985-04,Africa,830
1985-05,Asia,156752
1985-05,Europe,33830
1985-05,Americas,19507
1985-05,Oceania,33043
1985-05,Africa,963
1985-06,Asia,169194
1985-06,Europe,29010
1985-06,Americas,16376
1985-06,Oceania,31580
1985-06,Africa,957
1985-07,Asia,169119
1985-07,Europe,39528
1985-07,Americas,20436
1985-07,Oceania,33939
1985-07,Africa,1156
1985-08,Asia,180964
1985-08,Europe,42201
1985-08,Americas,17537
1985-08,Oceania,37038
1985-08,Africa,1467
1985-09,Asia,151778
1985-09,Europe,34971
1985-09,Americas,15262
1985-09,Oceania,36473
1985-09,Africa,1467
1985-10,Asia,150917
1985-10,Europe,42425
1985-10,Americas,22421
1985-10,Oceania,32675
1985-10,Africa,1295
1985-11,Asia,159117
1985-11,Europe,43407
1985-11,Americas,20910
1985-11,Oceania,25761
1985-11,Africa,1224
1985-12,Asia,190967
1985-12,Europe,40790
1985-12,Americas,15303
1985-12,Oceania,29018
1985-12,Africa,1171
1986-01,Asia,160565
1986-01,Europe,46364
1986-01,Americas,17540
1986-01,Oceania,36674
1986-01,Africa,1068
1986-02,Asia,156759
1986-02,Europe,42051
1986-02,Americas,16265
1986-02,Oceania,20827
1986-02,Africa,996
1986-03,Asia,162143
1986-03,Europe,50519
1986-03,Americas,19377
1986-03,Oceania,27136
1986-03,Africa,1131
1986-04,Asia,156708
1986-04,Europe,41412
1986-04,Americas,17554
1986-04,Oceania,28597
1986-04,Africa,1189
1986-05,Asia,159504
1986-05,Europe,36303
1986-05,Americas,17373
1986-05,Oceania,33358
1986-05,Africa,1504
1986-06,Asia,173736
1986-06,Europe,30647
1986-06,Americas,17635
1986-06,Oceania,33928
1986-06,Africa,1151
1986-07,Asia,177674
1986-07,Europe,42354
1986-07,Americas,19668
1986-07,Oceania,34960
1986-07,Africa,1129
1986-08,Asia,195654
1986-08,Europe,48834
1986-08,Americas,17991
1986-08,Oceania,40459
1986-08,Africa,1527
1986-09,Asia,161248
1986-09,Europe,36270
1986-09,Americas,19936
1986-09,Oceania,40414
1986-09,Africa,1599
1986-10,Asia,167214
1986-10,Europe,46687
1986-10,Americas,25122
1986-10,Oceania,35194
1986-10,Africa,1392
1986-11,Asia,160941
1986-11,Europe,50818
1986-11,Americas,24311
1986-11,Oceania,29229
1986-11,Africa,1534
1986-12,Asia,198947
1986-12,Europe,47872
1986-12,Americas,18949
1986-12,Oceania,29627
1986-12,Africa,1626
1987-01,Asia,173997
1987-01,Europe,50849
1987-01,Americas,19522
1987-01,Oceania,38346
1987-01,Africa,1752
1987-02,Asia,177785
1987-02,Europe,49854
1987-02,Americas,20313
1987-02,Oceania,23779
1987-02,Africa,1557
1987-03,Asia,181785
1987-03,Europe,57363
1987-03,Americas,24506
1987-03,Oceania,28235
1987-03,Africa,1739
1987-04,Asia,183636
1987-04,Europe,51600
1987-04,Americas,19512
1987-04,Oceania,30460
1987-04,Africa,2316
1987-05,Asia,195922
1987-05,Europe,40814
1987-05,Americas,19885
1987-05,Oceania,32820
1987-05,Africa,1907
1987-06,Asia,189861
1987-06,Europe,36358
1987-06,Americas,19311
1987-06,Oceania,35909
1987-06,Africa,2254
1987-07,Asia,220504
1987-07,Europe,50525
1987-07,Americas,23720
1987-07,Oceania,45520
1987-07,Africa,2419
1987-08,Asia,230451
1987-08,Europe,59205
1987-08,Americas,20486
1987-08,Oceania,39798
1987-08,Africa,3560
1987-09,Asia,188863
1987-09,Europe,46360
1987-09,Americas,20141
1987-09,Oceania,44112
1987-09,Africa,3327
1987-10,Asia,186583
1987-10,Europe,56957
1987-10,Americas,28558
1987-10,Oceania,39516
1987-10,Africa,3349
1987-11,Asia,189199
1987-11,Europe,60216
1987-11,Americas,24252
1987-11,Oceania,30111
1987-11,Africa,3142
1987-12,Asia,225772
1987-12,Europe,59167
1987-12,Americas,20374
1987-12,Oceania,32598
1987-12,Africa,4188
1988-01,Asia,190645
1988-01,Europe,69128
1988-01,Americas,23107
1988-01,Oceania,41295
1988-01,Africa,4105
1988-02,Asia,193487
1988-02,Europe,69018
1988-02,Americas,21165
1988-02,Oceania,25608
1988-02,Africa,3000
1988-03,Asia,208359
1988-03,Europe,78332
1988-03,Americas,24491
1988-03,Oceania,32986
1988-03,Africa,3021
1988-04,Asia,206485
1988-04,Europe,65775
1988-04,Americas,22301
1988-04,Oceania,33252
1988-04,Africa,3653
1988-05,Asia,207622
1988-05,Europe,52553
1988-05,Americas,19856
1988-05,Oceania,34946
1988-05,Africa,3272
1988-06,Asia,207392
1988-06,Europe,47867
1988-06,Americas,20364
1988-06,Oceania,40372
1988-06,Africa,3199
1988-07,Asia,236076
1988-07,Europe,67954
1988-07,Americas,24870
1988-07,Oceania,45309
1988-07,Africa,3542
1988-08,Asia,241103
1988-08,Europe,78094
1988-08,Americas,22263
1988-08,Oceania,41701
1988-08,Africa,4702
1988-09,Asia,211144
1988-09,Europe,58869
1988-09,Americas,21168
1988-09,Oceania,45868
1988-09,Africa,3997
1988-10,Asia,212995
1988-10,Europe,75457
1988-10,Americas,30354
1988-10,Oceania,42414
1988-10,Africa,4182
1988-11,Asia,214524
1988-11,Europe,79350
1988-11,Americas,28940
1988-11,Oceania,34114
1988-11,Africa,4591
1988-12,Asia,256832
1988-12,Europe,68291
1988-12,Americas,22924
1988-12,Oceania,40181
1988-12,Africa,5322
1989-01,Asia,221977
1989-01,Europe,78824
1989-01,Americas,25629
1989-01,Oceania,48352
1989-01,Africa,5111
1989-02,Asia,216818
1989-02,Europe,76944
1989-02,Americas,24693
1989-02,Oceania,31740
1989-02,Africa,3498
1989-03,Asia,239157
1989-03,Europe,90143
1989-03,Americas,29006
1989-03,Oceania,41550
1989-03,Africa,4742
1989-04,Asia,228644
1989-04,Europe,74877
1989-04,Americas,27234
1989-04,Oceania,40822
1989-04,Africa,3918
1989-05,Asia,231952
1989-05,Europe,61500
1989-05,Americas,22994
1989-05,Oceania,41871
1989-05,Africa,4484
1989-06,Asia,238404
1989-06,Europe,52604
1989-06,Americas,23766
1989-06,Oceania,48661
1989-06,Africa,3688
1989-07,Asia,269982
1989-07,Europe,75936
1989-07,Americas,28113
1989-07,Oceania,57697
1989-07,Africa,4028
1989-08,Asia,281483
1989-08,Europe,84379
1989-08,Americas,23548
1989-08,Oceania,48121
1989-08,Africa,5575
1989-09,Asia,254578
1989-09,Europe,65566
1989-09,Americas,24553
1989-09,Oceania,56846
1989-09,Africa,4487
1989-10,Asia,254534
1989-10,Europe,79632
1989-10,Americas,31933
1989-10,Oceania,52280
1989-10,Africa,4695
1989-11,Asia,264138
1989-11,Europe,83051
1989-11,Americas,29635
1989-11,Oceania,44042
1989-11,Africa,4831
1989-12,Asia,294363
1989-12,Europe,77549
1989-12,Americas,24963
1989-12,Oceania,46904
1989-12,Africa,5895
1990-01,Asia,266591
1990-01,Europe,80348
1990-01,Americas,26239
1990-01,Oceania,54535
1990-01,Africa,4921
1990-02,Asia,272022
1990-02,Europe,83498
1990-02,Americas,28824
1990-02,Oceania,36397
1990-02,Africa,3644
1990-03,Asia,279081
1990-03,Europe,91132
1990-03,Americas,30833
1990-03,Oceania,40173
1990-03,Africa,4089
1990-04,Asia,275065
1990-04,Europe,78396
1990-04,Americas,26634
1990-04,Oceania,45747
1990-04,Africa,4188
1990-05,Asia,269568
1990-05,Europe,66994
1990-05,Americas,26736
1990-05,Oceania,41933
1990-05,Africa,4332
1990-06,Asia,279833
1990-06,Europe,53277
1990-06,Americas,25859
1990-06,Oceania,46647
1990-06,Africa,3611
1990-07,Asia,302253
1990-07,Europe,80910
1990-07,Americas,30028
1990-07,Oceania,55232
1990-07,Africa,3962
1990-08,Asia,321818
1990-08,Europe,89917
1990-08,Americas,26166
1990-08,Oceania,47165
1990-08,Africa,5360
1990-09,Asia,267177
1990-09,Europe,74620
1990-09,Americas,26710
1990-09,Oceania,52921
1990-09,Africa,4861
1990-10,Asia,270960
1990-10,Europe,82460
1990-10,Americas,30843
1990-10,Oceania,45793
1990-10,Africa,5034
1990-11,Asia,288715
1990-11,Europe,86056
1990-11,Americas,29895
1990-11,Oceania,38216
1990-11,Africa,5597
1990-12,Asia,325005
1990-12,Europe,82790
1990-12,Americas,28344
1990-12,Oceania,45938
1990-12,Africa,6598
1991-01,Asia,274188
1991-01,Europe,79178
1991-01,Americas,26119
1991-01,Oceania,47302
1991-01,Africa,5389
1991-02,Asia,242697
1991-02,Europe,66430
1991-02,Americas,21515
1991-02,Oceania,29653
1991-02,Africa,3194
1991-03,Asia,262198
1991-03,Europe,77650
1991-03,Americas,25503
1991-03,Oceania,33683
1991-03,Africa,4192
1991-04,Asia,287824
1991-04,Europe,71060
1991-04,Americas,23861
1991-04,Oceania,31484
1991-04,Africa,4442
1991-05,Asia,287175
1991-05,Europe,62206
1991-05,Americas,25023
1991-05,Oceania,32392
1991-05,Africa,4450
1991-06,Asia,316788
1991-06,Europe,57592
1991-06,Americas,26876
1991-06,Oceania,40638
1991-06,Africa,3832
1991-07,Asia,337490
1991-07,Europe,78035
1991-07,Americas,32734
1991-07,Oceania,41722
1991-07,Africa,4616
1991-08,Asia,364887
1991-08,Europe,87359
1991-08,Americas,26932
1991-08,Oceania,35494
1991-08,Africa,4926
1991-09,Asia,313223
1991-09,Europe,74115
1991-09,Americas,26816
1991-09,Oceania,41203
1991-09,Africa,4437
1991-10,Asia,315640
1991-10,Europe,81681
1991-10,Americas,30716
1991-10,Oceania,39647
1991-10,Africa,5181
1991-11,Asia,317926
1991-11,Europe,83443
1991-11,Americas,30971
1991-11,Oceania,36173
1991-11,Africa,4770
1991-12,Asia,362871
1991-12,Europe,79222
1991-12,Americas,29735
1991-12,Oceania,40508
1991-12,Africa,6297
1992-01,Asia,323781
1992-01,Europe,81910
1992-01,Americas,32691
1992-01,Oceania,41463
1992-01,Africa,5568
1992-02,Asia,349476
1992-02,Europe,81286
1992-02,Americas,32531
1992-02,Oceania,32564
1992-02,Africa,4272
1992-03,Asia,329936
1992-03,Europe,83126
1992-03,Americas,30509
1992-03,Oceania,31572
1992-03,Africa,3810
1992-04,Asia,334485
1992-04,Europe,81710
1992-04,Americas,27791
1992-04,Oceania,35917
1992-04,Africa,5596
1992-05,Asia,311979
1992-05,Europe,68109
1992-05,Americas,29282
1992-05,Oceania,35591
1992-05,Africa,4644
1992-06,Asia,342596
1992-06,Europe,59687
1992-06,Americas,29964
1992-06,Oceania,36273
1992-06,Africa,4380
1992-07,Asia,381223
1992-07,Europe,81029
1992-07,Americas,32792
1992-07,Oceania,47602
1992-07,Africa,5363
1992-08,Asia,381626
1992-08,Europe,91488
1992-08,Americas,29012
1992-08,Oceania,39365
1992-08,Africa,6248
1992-09,Asia,333007
1992-09,Europe,74131
1992-09,Americas,26730
1992-09,Oceania,46562
1992-09,Africa,6178
1992-10,Asia,320533
1992-10,Europe,85645
1992-10,Americas,32173
1992-10,Oceania,43452
1992-10,Africa,6906
1992-11,Asia,331976
1992-11,Europe,90543
1992-11,Americas,32857
1992-11,Oceania,35936
1992-11,Africa,7524
1992-12,Asia,387032
1992-12,Europe,78887
1992-12,Americas,30874
1992-12,Oceania,40840
1992-12,Africa,9197
1993-01,Asia,347939
1993-01,Europe,83155
1993-01,Americas,32752
1993-01,Oceania,42236
1993-01,Africa,7817
1993-02,Asia,333626
1993-02,Europe,83500
1993-02,Americas,32392
1993-02,Oceania,30157
1993-02,Africa,5615
1993-03,Asia,383019
1993-03,Europe,93062
1993-03,Americas,34916
1993-03,Oceania,30499
1993-03,Africa,6243
1993-04,Asia,343909
1993-04,Europe,85812
1993-04,Americas,28946
1993-04,Oceania,34376
1993-04,Africa,8079
1993-05,Asia,340926
1993-05,Europe,73278
1993-05,Americas,32765
1993-05,Oceania,37724
1993-05,Africa,6925
1993-06,Asia,384623
1993-06,Europe,63121
1993-06,Americas,29372
1993-06,Oceania,38668
1993-06,Africa,8442
1993-07,Asia,413370
1993-07,Europe,85602
1993-07,Americas,33770
1993-07,Oceania,42250
1993-07,Africa,8290
1993-08,Asia,436496
1993-08,Europe,98344
1993-08,Americas,30214
1993-08,Oceania,35394
1993-08,Africa,8350
1993-09,Asia,344586
1993-09,Europe,78823
1993-09,Americas,28917
1993-09,Oceania,43259
1993-09,Africa,8967
1993-10,Asia,354851
1993-10,Europe,94602
1993-10,Americas,34852
1993-10,Oceania,40108
1993-10,Africa,9500
1993-11,Asia,361760
1993-11,Europe,97828
1993-11,Americas,35032
1993-11,Oceania,34356
1993-11,Africa,8150
1993-12,Asia,425243
1993-12,Europe,82276
1993-12,Americas,35687
1993-12,Oceania,38916
1993-12,Africa,11250
1994-01,Asia,369669
1994-01,Europe,90751
1994-01,Americas,38232
1994-01,Oceania,40092
1994-01,Africa,10237
1994-02,Asia,372532
1994-02,Europe,84385
1994-02,Americas,36775
1994-02,Oceania,28198
1994-02,Africa,5640
1994-03,Asia,443630
1994-03,Europe,98464
1994-03,Americas,42266
1994-03,Oceania,33564
1994-03,Africa,8913
1994-04,Asia,376844
1994-04,Europe,86704
1994-04,Americas,33037
1994-04,Oceania,34628
1994-04,Africa,9369
1994-05,Asia,366690
1994-05,Europe,68832
1994-05,Americas,33925
1994-05,Oceania,33930
1994-05,Africa,6117
1994-06,Asia,396581
1994-06,Europe,59769
1994-06,Americas,32334
1994-06,Oceania,36142
1994-06,Africa,6622
1994-07,Asia,464727
1994-07,Europe,88543
1994-07,Americas,36732
1994-07,Oceania,43459
1994-07,Africa,9268
1994-08,Asia,489055
1994-08,Europe,95020
1994-08,Americas,36102
1994-08,Oceania,35737
1994-08,Africa,8370
1994-09,Asia,391115
1994-09,Europe,79981
1994-09,Americas,30565
1994-09,Oceania,41595
1994-09,Africa,8227
1994-10,Asia,384741
1994-10,Europe,94528
1994-10,Americas,36800
1994-10,Oceania,38385
1994-10,Africa,9669
1994-11,Asia,400913
1994-11,Europe,92727
1994-11,Americas,36027
1994-11,Oceania,31528
1994-11,Africa,7879
1994-12,Asia,461881
1994-12,Europe,76816
1994-12,Americas,35206
1994-12,Oceania,36961
1994-12,Africa,10381
1995-01,Asia,408841
1995-01,Europe,81649
1995-01,Americas,36483
1995-01,Oceania,39401
1995-01,Africa,9252
1995-02,Asia,412238
1995-02,Europe,78451
1995-02,Americas,33689
1995-02,Oceania,27046
1995-02,Africa,5290
1995-03,Asia,455603
1995-03,Europe,86797
1995-03,Americas,39140
1995-03,Oceania,31107
1995-03,Africa,7011
1995-04,Asia,395211
1995-04,Europe,82038
1995-04,Americas,31119
1995-04,Oceania,32257
1995-04,Africa,8242
1995-05,Asia,394560
1995-05,Europe,66970
1995-05,Americas,34142
1995-05,Oceania,33516
1995-05,Africa,6059
1995-06,Asia,414834
1995-06,Europe,60167
1995-06,Americas,35002
1995-06,Oceania,33674
1995-06,Africa,5622
1995-07,Asia,506915
1995-07,Europe,83508
1995-07,Americas,37385
1995-07,Oceania,41156
1995-07,Africa,7087
1995-08,Asia,521416
1995-08,Europe,90957
1995-08,Americas,33620
1995-08,Oceania,35443
1995-08,Africa,6973
1995-09,Asia,418161
1995-09,Europe,82938
1995-09,Americas,32159
1995-09,Oceania,43040
1995-09,Africa,7163
1995-10,Asia,410259
1995-10,Europe,91097
1995-10,Americas,39918
1995-10,Oceania,39961
1995-10,Africa,7153
1995-11,Asia,422396
1995-11,Europe,88167
1995-11,Americas,36590
1995-11,Oceania,34965
1995-11,Africa,7199
1995-12,Asia,470733
1995-12,Europe,73058
1995-12,Americas,36460
1995-12,Oceania,35030
1995-12,Africa,9880
1996-01,Asia,426954
1996-01,Europe,83409
1996-01,Americas,41596
1996-01,Oceania,39391
1996-01,Africa,8365
1996-02,Asia,441780
1996-02,Europe,84863
1996-02,Americas,38434
1996-02,Oceania,25929
1996-02,Africa,4445
1996-03,Asia,461720
1996-03,Europe,94743
1996-03,Americas,43187
1996-03,Oceania,34820
1996-03,Africa,6954
1996-04,Asia,421701
1996-04,Europe,86351
1996-04,Americas,36410
1996-04,Oceania,32236
1996-04,Africa,7386
1996-05,Asia,410561
1996-05,Europe,68934
1996-05,Americas,34504
1996-05,Oceania,32102
1996-05,Africa,5698
1996-06,Asia,441174
1996-06,Europe,65254
1996-06,Americas,38078
1996-06,Oceania,37040
1996-06,Africa,5407
1996-07,Asia,482898
1996-07,Europe,81726
1996-07,Americas,38675
1996-07,Oceania,41278
1996-07,Africa,6512
1996-08,Asia,488053
1996-08,Europe,88666
1996-08,Americas,36242
1996-08,Oceania,35705
1996-08,Africa,6389
1996-09,Asia,389965
1996-09,Europe,77274
1996-09,Americas,33599
1996-09,Oceania,41284
1996-09,Africa,6736
1996-10,Asia,420250
1996-10,Europe,92631
1996-10,Americas,40431
1996-10,Oceania,40717
1996-10,Africa,6875
1996-11,Asia,422494
1996-11,Europe,95445
1996-11,Americas,40889
1996-11,Oceania,34349
1996-11,Africa,5969
1996-12,Asia,511756
1996-12,Europe,83373
1996-12,Americas,37426
1996-12,Oceania,36191
1996-12,Africa,8880
1997-01,Asia,432622
1997-01,Europe,88244
1997-01,Americas,42937
1997-01,Oceania,41667
1997-01,Africa,6728
1997-02,Asia,478899
1997-02,Europe,85071
1997-02,Americas,37918
1997-02,Oceania,28286
1997-02,Africa,4156
1997-03,Asia,468572
1997-03,Europe,102370
1997-03,Americas,44080
1997-03,Oceania,35732
1997-03,Africa,6657
1997-04,Asia,425177
1997-04,Europe,89875
1997-04,Americas,38891
1997-04,Oceania,33681
1997-04,Africa,5762
1997-05,Asia,425983
1997-05,Europe,74909
1997-05,Americas,37590
1997-05,Oceania,37070
1997-05,Africa,4823
1997-06,Asia,449512
1997-06,Europe,69681
1997-06,Americas,40749
1997-06,Oceania,41234
1997-06,Africa,4907
1997-07,Asia,517531
1997-07,Europe,81638
1997-07,Americas,38371
1997-07,Oceania,45910
1997-07,Africa,6263
1997-08,Asia,471263
1997-08,Europe,89468
1997-08,Americas,36024
1997-08,Oceania,40598
1997-08,Africa,5906
1997-09,Asia,401448
1997-09,Europe,75653
1997-09,Americas,33813
1997-09,Oceania,45997
1997-09,Africa,5930
1997-10,Asia,338603
1997-10,Europe,74711
1997-10,Americas,35126
1997-10,Oceania,40108
1997-10,Africa,5566
1997-11,Asia,373739
1997-11,Europe,80962
1997-11,Americas,38558
1997-11,Oceania,35071
1997-11,Africa,5677
1997-12,Asia,417874
1997-12,Europe,74957
1997-12,Americas,36378
1997-12,Oceania,37478
1997-12,Africa,8242
1998-01,Asia,341571
1998-01,Europe,81205
1998-01,Americas,36509
1998-01,Oceania,42413
1998-01,Africa,6833
1998-02,Asia,331563
1998-02,Europe,88791
1998-02,Americas,37383
1998-02,Oceania,33727
1998-02,Africa,5158
1998-03,Asia,339832
1998-03,Europe,93584
1998-03,Americas,40269
1998-03,Oceania,38386
1998-03,Africa,6457
1998-04,Asia,319822
1998-04,Europe,89544
1998-04,Americas,33426
1998-04,Oceania,40960
1998-04,Africa,7114
1998-05,Asia,392735
1998-05,Europe,70838
1998-05,Americas,36737
1998-05,Oceania,42395
1998-05,Africa,5187
1998-06,Asia,344429
1998-06,Europe,60369
1998-06,Americas,33809
1998-06,Oceania,42634
1998-06,Africa,5534
1998-07,Asia,386544
1998-07,Europe,76823
1998-07,Americas,34541
1998-07,Oceania,51009
1998-07,Africa,6896
1998-08,Asia,392675
1998-08,Europe,91502
1998-08,Americas,32299
1998-08,Oceania,45119
1998-08,Africa,7239
1998-09,Asia,323288
1998-09,Europe,72520
1998-09,Americas,29131
1998-09,Oceania,50332
1998-09,Africa,6101
1998-10,Asia,321632
1998-10,Europe,85173
1998-10,Americas,34391
1998-10,Oceania,49893
1998-10,Africa,6554
1998-11,Asia,329092
1998-11,Europe,89770
1998-11,Americas,39173
1998-11,Oceania,40769
1998-11,Africa,7123
1998-12,Asia,400579
1998-12,Europe,82620
1998-12,Americas,37756
1998-12,Oceania,42137
1998-12,Africa,8943
1999-01,Asia,381101
1999-01,Europe,90719
1999-01,Americas,39126
1999-01,Oceania,50798
1999-01,Africa,7368
1999-02,Asia,353330
1999-02,Europe,88938
1999-02,Americas,34895
1999-02,Oceania,33643
1999-02,Africa,5741
1999-03,Asia,376413
1999-03,Europe,103753
1999-03,Americas,45739
1999-03,Oceania,45671
1999-03,Africa,7785
1999-04,Asia,352271
1999-04,Europe,87398
1999-04,Americas,33082
1999-04,Oceania,42487
1999-04,Africa,7963
1999-05,Asia,409497
1999-05,Europe,66616
1999-05,Americas,33108
1999-05,Oceania,42603
1999-05,Africa,5892
1999-06,Asia,414587
1999-06,Europe,64470
1999-06,Americas,39382
1999-06,Oceania,48820
1999-06,Africa,6891
1999-07,Asia,440548
1999-07,Europe,85904
1999-07,Americas,37126
1999-07,Oceania,56553
1999-07,Africa,8017
1999-08,Asia,436357
1999-08,Europe,98779
1999-08,Americas,36354
1999-08,Oceania,49045
1999-08,Africa,8258
1999-09,Asia,377257
1999-09,Europe,81907
1999-09,Americas,31832
1999-09,Oceania,58301
1999-09,Africa,7625
1999-10,Asia,400742
1999-10,Europe,101296
1999-10,Americas,39488
1999-10,Oceania,54039
1999-10,Africa,8041
1999-11,Asia,403399
1999-11,Europe,103272
1999-11,Americas,37493
1999-11,Oceania,41676
1999-11,Africa,7575
1999-12,Asia,451844
1999-12,Europe,76941
1999-12,Americas,36627
1999-12,Oceania,40862
1999-12,Africa,9001
2000-01,Asia,445315
2000-01,Europe,94075
2000-01,Americas,41004
2000-01,Oceania,48764
2000-01,Africa,7756
2000-02,Asia,411074
2000-02,Europe,103653
2000-02,Americas,43103
2000-02,Oceania,36296
2000-02,Africa,6035
2000-03,Asia,434228
2000-03,Europe,104919
2000-03,Americas,46652
2000-03,Oceania,43922
2000-03,Africa,8769
2000-04,Asia,439159
2000-04,Europe,98348
2000-04,Americas,36515
2000-04,Oceania,50352
2000-04,Africa,10398
2000-05,Asia,426915
2000-05,Europe,73074
2000-05,Americas,36733
2000-05,Oceania,46840
2000-05,Africa,7569
2000-06,Asia,434086
2000-06,Europe,70483
2000-06,Americas,39138
2000-06,Oceania,51210
2000-06,Africa,7508
2000-07,Asia,497393
2000-07,Europe,92623
2000-07,Americas,42133
2000-07,Oceania,61102
2000-07,Africa,9129
2000-08,Asia,485831
2000-08,Europe,102605
2000-08,Americas,39201
2000-08,Oceania,53711
2000-08,Africa,9017
2000-09,Asia,419554
2000-09,Europe,83964
2000-09,Americas,34764
2000-09,Oceania,62655
2000-09,Africa,7297
2000-10,Asia,421639
2000-10,Europe,103453
2000-10,Americas,41014
2000-10,Oceania,58158
2000-10,Africa,8342
2000-11,Asia,417165
2000-11,Europe,104033
2000-11,Americas,41877
2000-11,Oceania,50600
2000-11,Africa,8156
2000-12,Asia,488457
2000-12,Europe,96642
2000-12,Americas,40850
2000-12,Oceania,52954
2000-12,Africa,9532
2001-01,Asia,444614
2001-01,Europe,102458
2001-01,Americas,42249
2001-01,Oceania,58769
2001-01,Africa,8385
2001-02,Asia,397338
2001-02,Europe,104960
2001-02,Americas,40128
2001-02,Oceania,42547
2001-02,Africa,6135
2001-03,Asia,449055
2001-03,Europe,113874
2001-03,Americas,44693
2001-03,Oceania,48611
2001-03,Africa,7786
2001-04,Asia,421765
2001-04,Europe,94147
2001-04,Americas,35059
2001-04,Oceania,53570
2001-04,Africa,8756
2001-05,Asia,433063
2001-05,Europe,75164
2001-05,Americas,36595
2001-05,Oceania,54300
2001-05,Africa,6740
2001-06,Asia,436782
2001-06,Europe,71871
2001-06,Americas,38107
2001-06,Oceania,56961
2001-06,Africa,6178
2001-07,Asia,502676
2001-07,Europe,94893
2001-07,Americas,40804
2001-07,Oceania,67844
2001-07,Africa,8608
2001-08,Asia,493168
2001-08,Europe,101454
2001-08,Americas,35946
2001-08,Oceania,55458
2001-08,Africa,7834
2001-09,Asia,406984
2001-09,Europe,85907
2001-09,Americas,28489
2001-09,Oceania,64977
2001-09,Africa,7447
2001-10,Asia,387194
2001-10,Europe,90279
2001-10,Americas,25313
2001-10,Oceania,60177
2001-10,Africa,6641
2001-11,Asia,362513
2001-11,Europe,90524
2001-11,Americas,30508
2001-11,Oceania,44886
2001-11,Africa,5580
2001-12,Asia,488966
2001-12,Europe,89101
2001-12,Americas,35664
2001-12,Oceania,48382
2001-12,Africa,7899
2002-01,Asia,398410
2002-01,Europe,99089
2002-01,Americas,37174
2002-01,Oceania,55393
2002-01,Africa,6586
2002-02,Asia,417856
2002-02,Europe,100660
2002-02,Americas,35554
2002-02,Oceania,40340
2002-02,Africa,4302
2002-03,Asia,443698
2002-03,Europe,115791
2002-03,Americas,39216
2002-03,Oceania,49741
2002-03,Africa,6658
2002-04,Asia,436969
2002-04,Europe,94599
2002-04,Americas,31247
2002-04,Oceania,53236
2002-04,Africa,6248
2002-05,Asia,439818
2002-05,Europe,73204
2002-05,Americas,32960
2002-05,Oceania,54128
2002-05,Africa,5139
2002-06,Asia,429182
2002-06,Europe,69878
2002-06,Americas,34847
2002-06,Oceania,59391
2002-06,Africa,5965
2002-07,Asia,478769
2002-07,Europe,89985
2002-07,Americas,37825
2002-07,Oceania,66260
2002-07,Africa,6649
2002-08,Asia,479766
2002-08,Europe,96355
2002-08,Americas,34890
2002-08,Oceania,54064
2002-08,Africa,6541
2002-09,Asia,414780
2002-09,Europe,82979
2002-09,Americas,29671
2002-09,Oceania,63998
2002-09,Africa,5862
2002-10,Asia,444479
2002-10,Europe,93996
2002-10,Americas,33831
2002-10,Oceania,59322
2002-10,Africa,6067
2002-11,Asia,413497
2002-11,Europe,93824
2002-11,Americas,33534
2002-11,Oceania,42643
2002-11,Africa,5150
2002-12,Asia,529321
2002-12,Europe,91460
2002-12,Americas,35602
2002-12,Oceania,45553
2002-12,Africa,7666
2003-01,Asia,437200
2003-01,Europe,104033
2003-01,Americas,38609
2003-01,Oceania,55082
2003-01,Africa,6806
2003-02,Asia,438316
2003-02,Europe,101230
2003-02,Americas,32117
2003-02,Oceania,36788
2003-02,Africa,4938
2003-03,Asia,389115
2003-03,Europe,95480
2003-03,Americas,31344
2003-03,Oceania,38399
2003-03,Africa,5593
2003-04,Asia,132703
2003-04,Europe,43320
2003-04,Americas,7942
2003-04,Oceania,17365
2003-04,Africa,2228
2003-05,Asia,124993
2003-05,Europe,27667
2003-05,Americas,8200
2003-05,Oceania,15472
2003-05,Africa,1468
2003-06,Asia,236696
2003-06,Europe,35876
2003-06,Americas,16045
2003-06,Oceania,25585
2003-06,Africa,2380
2003-07,Asia,397697
2003-07,Europe,65439
2003-07,Americas,26572
2003-07,Oceania,46120
2003-07,Africa,5073
2003-08,Asia,439501
2003-08,Europe,79477
2003-08,Americas,30866
2003-08,Oceania,45340
2003-08,Africa,7009
2003-09,Asia,406515
2003-09,Europe,67119
2003-09,Americas,26864
2003-09,Oceania,51598
2003-09,Africa,4759
2003-10,Asia,419660
2003-10,Europe,81049
2003-10,Americas,29463
2003-10,Oceania,50705
2003-10,Africa,5490
2003-11,Asia,464690
2003-11,Europe,88866
2003-11,Americas,33091
2003-11,Oceania,43983
2003-11,Africa,5065
2003-12,Asia,513708
2003-12,Europe,87778
2003-12,Americas,33596
2003-12,Oceania,49135
2003-12,Africa,7544
2004-01,Asia,461190
2004-01,Europe,95320
2004-01,Americas,34773
2004-01,Oceania,54839
2004-01,Africa,5793
2004-02,Asia,405132
2004-02,Europe,102941
2004-02,Americas,36811
2004-02,Oceania,42295
2004-02,Africa,4371
2004-03,Asia,437826
2004-03,Europe,102577
2004-03,Americas,35910
2004-03,Oceania,43917
2004-03,Africa,6105
2004-04,Asia,475931
2004-04,Europe,86655
2004-04,Americas,30657
2004-04,Oceania,54039
2004-04,Africa,5839
2004-05,Asia,503471
2004-05,Europe,67374
2004-05,Americas,32422
2004-05,Oceania,52318
2004-05,Africa,4734
2004-06,Asia,519782
2004-06,Europe,66000
2004-06,Americas,36474
2004-06,Oceania,59677
2004-06,Africa,5064
2004-07,Asia,595286
2004-07,Europe,89594
2004-07,Americas,39844
2004-07,Oceania,70755
2004-07,Africa,7394
2004-08,Asia,553475
2004-08,Europe,93826
2004-08,Americas,35797
2004-08,Oceania,56240
2004-08,Africa,6955
2004-09,Asia,477445
2004-09,Europe,76922
2004-09,Americas,29532
2004-09,Oceania,68584
2004-09,Africa,6005
2004-10,Asia,502477
2004-10,Europe,91368
2004-10,Americas,34389
2004-10,Oceania,62395
2004-10,Africa,5789
2004-11,Asia,561171
2004-11,Europe,98523
2004-11,Americas,35831
2004-11,Oceania,51243
2004-11,Africa,5823
2004-12,Asia,585968
2004-12,Europe,99681
2004-12,Americas,39706
2004-12,Oceania,66111
2004-12,Africa,10004
2005-01,Asia,440591
2005-01,Europe,106795
2005-01,Americas,41428
2005-01,Oceania,72369
2005-01,Africa,6931
2005-02,Asia,438725
2005-02,Europe,101471
2005-02,Americas,36045
2005-02,Oceania,46131
2005-02,Africa,4675
2005-03,Asia,516913
2005-03,Europe,114920
2005-03,Americas,41560
2005-03,Oceania,51793
2005-03,Africa,7150
2005-04,Asia,519806
2005-04,Europe,87917
2005-04,Americas,32283
2005-04,Oceania,55337
2005-04,Africa,7205
2005-05,Asia,536693
2005-05,Europe,73285
2005-05,Americas,35878
2005-05,Oceania,57682
2005-05,Africa,5759
2005-06,Asia,562015
2005-06,Europe,71172
2005-06,Americas,39689
2005-06,Oceania,67630
2005-06,Africa,6489
2005-07,Asia,653695
2005-07,Europe,94581
2005-07,Americas,44947
2005-07,Oceania,76182
2005-07,Africa,7538
2005-08,Asia,603267
2005-08,Europe,99499
2005-08,Americas,40185
2005-08,Oceania,60588
2005-08,Africa,7138
2005-09,Asia,509021
2005-09,Europe,80990
2005-09,Americas,33273
2005-09,Oceania,74646
2005-09,Africa,6693
2005-10,Asia,540709
2005-10,Europe,95228
2005-10,Americas,37363
2005-10,Oceania,65480
2005-10,Africa,5853
2005-11,Asia,577945
2005-11,Europe,101876
2005-11,Americas,43516
2005-11,Oceania,55547
2005-11,Africa,6741
2005-12,Asia,608288
2005-12,Europe,97620
2005-12,Americas,44329
2005-12,Oceania,69074
2005-12,Africa,9780
2006-01,Asia,533457
2006-01,Europe,109779
2006-01,Americas,43328
2006-01,Oceania,73612
2006-01,Africa,7294
2006-02,Asia,516650
2006-02,Europe,114818
2006-02,Americas,42178
2006-02,Oceania,48706
2006-02,Africa,5405
2006-03,Asia,579734
2006-03,Europe,124966
2006-03,Americas,46347
2006-03,Oceania,61275
2006-03,Africa,7210
2006-04,Asia,591503
2006-04,Europe,103060
2006-04,Americas,37580
2006-04,Oceania,75336
2006-04,Africa,8729
2006-05,Asia,582146
2006-05,Europe,76352
2006-05,Americas,38753
2006-05,Oceania,62002
2006-05,Africa,6443
2006-06,Asia,593458
2006-06,Europe,70672
2006-06,Americas,43521
2006-06,Oceania,74588
2006-06,Africa,6245
2006-07,Asia,681727
2006-07,Europe,92881
2006-07,Americas,48864
2006-07,Oceania,82212
2006-07,Africa,8708
2006-08,Asia,645800
2006-08,Europe,105497
2006-08,Americas,41972
2006-08,Oceania,69023
2006-08,Africa,7965
2006-09,Asia,511962
2006-09,Europe,85782
2006-09,Americas,36588
2006-09,Oceania,73482
2006-09,Africa,7011
2006-10,Asia,635737
2006-10,Europe,103571
2006-10,Americas,38372
2006-10,Oceania,72903
2006-10,Africa,6607
2006-11,Asia,575187
2006-11,Europe,112935
2006-11,Americas,45836
2006-11,Oceania,58487
2006-11,Africa,7601
2006-12,Asia,662793
2006-12,Europe,109698
2006-12,Americas,46429
2006-12,Oceania,72785
2006-12,Africa,11296
2007-01,Asia,563873
2007-01,Europe,128012
2007-01,Americas,47589
2007-01,Oceania,77007
2007-01,Africa,8981
2007-02,Asia,544423
2007-02,Europe,121235
2007-02,Americas,40766
2007-02,Oceania,46214
2007-02,Africa,5005
2007-03,Asia,603899
2007-03,Europe,135196
2007-03,Americas,49806
2007-03,Oceania,60051
2007-03,Africa,8405
2007-04,Asia,599570
2007-04,Europe,102222
2007-04,Americas,39032
2007-04,Oceania,68362
2007-04,Africa,9707
2007-05,Asia,625619
2007-05,Europe,78404
2007-05,Americas,39413
2007-05,Oceania,70147
2007-05,Africa,6817
2007-06,Asia,646647
2007-06,Europe,73744
2007-06,Americas,42419
2007-06,Oceania,80123
2007-06,Africa,7065
2007-07,Asia,703895
2007-07,Europe,99236
2007-07,Americas,49383
2007-07,Oceania,90380
2007-07,Africa,9358
2007-08,Asia,676904
2007-08,Europe,109207
2007-08,Americas,42941
2007-08,Oceania,74195
2007-08,Africa,9075
2007-09,Asia,550860
2007-09,Europe,88810
2007-09,Americas,35013
2007-09,Oceania,84688
2007-09,Africa,6829
2007-10,Asia,663681
2007-10,Europe,106395
2007-10,Americas,46409
2007-10,Oceania,87496
2007-10,Africa,7960
2007-11,Asia,603364
2007-11,Europe,113626
2007-11,Americas,44743
2007-11,Oceania,69545
2007-11,Africa,6794
2007-12,Asia,694348
2007-12,Europe,109557
2007-12,Americas,46664
2007-12,Oceania,89817
2007-12,Africa,12792
2008-01,Asia,610138
2008-01,Europe,124504
2008-01,Americas,47540
2008-01,Oceania,93022
2008-01,Africa,9515
2008-02,Asia,583631
2008-02,Europe,122336
2008-02,Americas,42718
2008-02,Oceania,58822
2008-02,Africa,5032
2008-03,Asia,640651
2008-03,Europe,141712
2008-03,Americas,50240
2008-03,Oceania,69741
2008-03,Africa,7743
2008-04,Asia,601281
2008-04,Europe,107735
2008-04,Americas,39477
2008-04,Oceania,72444
2008-04,Africa,7913
2008-05,Asia,625375
2008-05,Europe,85935
2008-05,Americas,38871
2008-05,Oceania,76912
2008-05,Africa,5917
2008-06,Asia,608399
2008-06,Europe,79532
2008-06,Americas,42579
2008-06,Oceania,85419
2008-06,Africa,6437
2008-07,Asia,665052
2008-07,Europe,106163
2008-07,Americas,48591
2008-07,Oceania,93866
2008-07,Africa,8306
2008-08,Asia,607574
2008-08,Europe,115639
2008-08,Americas,40453
2008-08,Oceania,77039
2008-08,Africa,8739
2008-09,Asia,527942
2008-09,Europe,94820
2008-09,Americas,31823
2008-09,Oceania,84600
2008-09,Africa,6019
2008-10,Asia,601151
2008-10,Europe,110059
2008-10,Americas,41640
2008-10,Oceania,88100
2008-10,Africa,7882
2008-11,Asia,532034
2008-11,Europe,117503
2008-11,Americas,40132
2008-11,Oceania,68586
2008-11,Africa,6494
2008-12,Asia,631178
2008-12,Europe,116312
2008-12,Americas,41347
2008-12,Oceania,88456
2008-12,Africa,10634
2009-01,Asia,521636
2009-01,Europe,116658
2009-01,Americas,38044
2009-01,Oceania,88918
2009-01,Africa,6879
2009-02,Asia,478049
2009-02,Europe,116073
2009-02,Americas,35014
2009-02,Oceania,56345
2009-02,Africa,4454
2009-03,Asia,553519
2009-03,Europe,130022
2009-03,Americas,41421
2009-03,Oceania,60594
2009-03,Africa,5577
2009-04,Asia,555142
2009-04,Europe,108709
2009-04,Americas,36347
2009-04,Oceania,72719
2009-04,Africa,6056
2009-05,Asia,536400
2009-05,Europe,82979
2009-05,Americas,33982
2009-05,Oceania,68000
2009-05,Africa,5020
2009-06,Asia,550978
2009-06,Europe,78462
2009-06,Americas,39140
2009-06,Oceania,76157
2009-06,Africa,5633
2009-07,Asia,630916
2009-07,Europe,107136
2009-07,Americas,45315
2009-07,Oceania,91338
2009-07,Africa,7372
2009-08,Asia,600173
2009-08,Europe,120514
2009-08,Americas,40065
2009-08,Oceania,77091
2009-08,Africa,6806
2009-09,Asia,581568
2009-09,Europe,98149
2009-09,Americas,30958
2009-09,Oceania,83704
2009-09,Africa,5116
2009-10,Asia,589731
2009-10,Europe,114977
2009-10,Americas,41428
2009-10,Oceania,92106
2009-10,Africa,6708
2009-11,Asia,579937
2009-11,Europe,122810
2009-11,Americas,43839
2009-11,Oceania,77327
2009-11,Africa,6258
2009-12,Asia,716412
2009-12,Europe,110887
2009-12,Americas,42170
2009-12,Oceania,92248
2009-12,Africa,10514
2010-01,Asia,627007
2010-01,Europe,129992
2010-01,Americas,44900
2010-01,Oceania,99207
2010-01,Africa,7373
2010-02,Asia,627697
2010-02,Europe,124895
2010-02,Americas,39669
2010-02,Oceania,60674
2010-02,Africa,4442
2010-03,Asia,661170
2010-03,Europe,144864
2010-03,Americas,46657
2010-03,Oceania,70292
2010-03,Africa,5916
2010-04,Asia,697853
2010-04,Europe,113920
2010-04,Americas,43034
2010-04,Oceania,77745
2010-04,Africa,6459
2010-05,Asia,736558
2010-05,Europe,92324
2010-05,Americas,40131
2010-05,Oceania,72648
2010-05,Africa,5015
2010-06,Asia,732043
2010-06,Europe,82005
2010-06,Americas,46349
2010-06,Oceania,85528
2010-06,Africa,5103
2010-07,Asia,831474
2010-07,Europe,107505
2010-07,Americas,50467
2010-07,Oceania,99208
2010-07,Africa,6388
2010-08,Asia,744061
2010-08,Europe,123382
2010-08,Americas,44148
2010-08,Oceania,78296
2010-08,Africa,7004
2010-09,Asia,720359
2010-09,Europe,95852
2010-09,Americas,34775
2010-09,Oceania,90846
2010-09,Africa,5751
2010-10,Asia,726512
2010-10,Europe,113328
2010-10,Americas,45972
2010-10,Oceania,87077
2010-10,Africa,6024
2010-11,Asia,712443
2010-11,Europe,129431
2010-11,Americas,43978
2010-11,Oceania,72468
2010-11,Africa,5847
2010-12,Asia,861441
2010-12,Europe,116030
2010-12,Americas,44766
2010-12,Oceania,95126
2010-12,Africa,10218
2011-01,Asia,758888
2011-01,Europe,132594
2011-01,Americas,49308
2011-01,Oceania,107333
2011-01,Africa,7865
2011-02,Asia,758798
2011-02,Europe,120429
2011-02,Americas,43634
2011-02,Oceania,63345
2011-02,Africa,3911
2011-03,Asia,795422
2011-03,Europe,140733
2011-03,Americas,56454
2011-03,Oceania,73806
2011-03,Africa,5544
2011-04,Asia,832298
2011-04,Europe,121341
2011-04,Americas,45450
2011-04,Oceania,97697
2011-04,Africa,6533
2011-05,Asia,832619
2011-05,Europe,87402
2011-05,Americas,43167
2011-05,Oceania,86375
2011-05,Africa,4539
2011-06,Asia,848125
2011-06,Europe,80154
2011-06,Americas,47880
2011-06,Oceania,98646
2011-06,Africa,5261
2011-07,Asia,986819
2011-07,Europe,113846
2011-07,Americas,53651
2011-07,Oceania,112000
2011-07,Africa,7462
2011-08,Asia,921163
2011-08,Europe,124285
2011-08,Americas,43228
2011-08,Oceania,84622
2011-08,Africa,5213
2011-09,Asia,788955
2011-09,Europe,104484
2011-09,Americas,37354
2011-09,Oceania,96987
2011-09,Africa,5942
2011-10,Asia,817874
2011-10,Europe,117713
2011-10,Americas,47929
2011-10,Oceania,95623
2011-10,Africa,6052
2011-11,Asia,763707
2011-11,Europe,130143
2011-11,Americas,48158
2011-11,Oceania,80355
2011-11,Africa,5423
2011-12,Asia,934453
2011-12,Europe,128378
2011-12,Americas,47529
2011-12,Oceania,96626
2011-12,Africa,9645
2012-01,Asia,883356
2012-01,Europe,150011
2012-01,Americas,51653
2012-01,Oceania,107329
2012-01,Africa,6118
2012-02,Asia,844511
2012-02,Europe,159906
2012-02,Americas,54048
2012-02,Oceania,71466
2012-02,Africa,4526
2012-03,Asia,932505
2012-03,Europe,165089
2012-03,Americas,60074
2012-03,Oceania,79598
2012-03,Africa,5867
2012-04,Asia,929248
2012-04,Europe,126189
2012-04,Americas,47323
2012-04,Oceania,92969
2012-04,Africa,6223
2012-05,Asia,919680
2012-05,Europe,91541
2012-05,Americas,46711
2012-05,Oceania,84044
2012-05,Africa,4469
2012-06,Asia,900822
2012-06,Europe,87189
2012-06,Americas,52558
2012-06,Oceania,106250
2012-06,Africa,5099
2012-07,Asia,978941
2012-07,Europe,122168
2012-07,Americas,55958
2012-07,Oceania,120708
2012-07,Africa,5822
2012-08,Asia,1035991
2012-08,Europe,134628
2012-08,Americas,46627
2012-08,Oceania,91192
2012-08,Africa,5119
2012-09,Asia,777568
2012-09,Europe,113089
2012-09,Americas,41012
2012-09,Oceania,113924
2012-09,Africa,5516
2012-10,Asia,899386
2012-10,Europe,124632
2012-10,Americas,50636
2012-10,Oceania,112575
2012-10,Africa,4923
2012-11,Asia,928436
2012-11,Europe,131471
2012-11,Americas,52503
2012-11,Oceania,93863
2012-11,Africa,5411
2012-12,Asia,1047004
2012-12,Europe,131421
2012-12,Americas,57297
2012-12,Oceania,115229
2012-12,Africa,8901
2013-01,Asia,935243
2013-01,Europe,155731
2013-01,Americas,61383
2013-01,Oceania,132868
2013-01,Africa,6348
2013-02,Asia,942624
2013-02,Europe,144436
2013-02,Americas,54116
2013-02,Oceania,76185
2013-02,Africa,3678
2013-03,Asia,1034028
2013-03,Europe,170584
2013-03,Americas,62010
2013-03,Oceania,95908
2013-03,Africa,5774
2013-04,Asia,989213
2013-04,Europe,123027
2013-04,Americas,52338
2013-04,Oceania,104538
2013-04,Africa,5071
2013-05,Asia,1038216
2013-05,Europe,101784
2013-05,Americas,47762
2013-05,Oceania,95908
2013-05,Africa,4516
2013-06,Asia,1029215
2013-06,Europe,94870
2013-06,Americas,56120
2013-06,Oceania,103350
2013-06,Africa,5309
2013-07,Asia,1098045
2013-07,Europe,130498
2013-07,Americas,56982
2013-07,Oceania,128839
2013-07,Africa,5251
2013-08,Asia,1187051
2013-08,Europe,150061
2013-08,Americas,49860
2013-08,Oceania,91154
2013-08,Africa,5365
2013-09,Asia,892645
2013-09,Europe,117004
2013-09,Americas,43109
2013-09,Oceania,117498
2013-09,Africa,5868
2013-10,Asia,910607
2013-10,Europe,130021
2013-10,Americas,50080
2013-10,Oceania,108089
2013-10,Africa,4929
2013-11,Asia,903800
2013-11,Europe,135123
2013-11,Americas,51915
2013-11,Oceania,88207
2013-11,Africa,4939
2013-12,Asia,1045382
2013-12,Europe,138055
2013-12,Americas,55790
2013-12,Oceania,118584
2013-12,Africa,9586
2014-01,Asia,978185
2014-01,Europe,162539
2014-01,Americas,60373
2014-01,Oceania,138983
2014-01,Africa,5741
2014-02,Asia,941441
2014-02,Europe,156622
2014-02,Americas,58987
2014-02,Oceania,76921
2014-02,Africa,4246
2014-03,Asia,974602
2014-03,Europe,168514
2014-03,Americas,66876
2014-03,Oceania,82576
2014-03,Africa,4969
2014-04,Asia,939372
2014-04,Europe,140345
2014-04,Americas,48813
2014-04,Oceania,110476
2014-04,Africa,6295
2014-05,Asia,967040
2014-05,Europe,100616
2014-05,Americas,46359
2014-05,Oceania,90197
2014-05,Africa,4311
2014-06,Asia,943732
2014-06,Europe,88938
2014-06,Americas,50634
2014-06,Oceania,93720
2014-06,Africa,4391
2014-07,Asia,1101913
2014-07,Europe,124532
2014-07,Americas,54557
2014-07,Oceania,121953
2014-07,Africa,5445
2014-08,Asia,1060490
2014-08,Europe,153464
2014-08,Americas,47979
2014-08,Oceania,94516
2014-08,Africa,6486
2014-09,Asia,821006
2014-09,Europe,120892
2014-09,Americas,42437
2014-09,Oceania,109434
2014-09,Africa,4856
2014-10,Asia,924012
2014-10,Europe,129249
2014-10,Americas,47970
2014-10,Oceania,97885
2014-10,Africa,4206
2014-11,Asia,870172
2014-11,Europe,134228
2014-11,Americas,52340
2014-11,Oceania,81969
2014-11,Africa,5517
2014-12,Asia,1046407
2014-12,Europe,137302
2014-12,Americas,57958
2014-12,Oceania,109266
2014-12,Africa,9607
2015-01,Asia,893637
2015-01,Europe,158515
2015-01,Americas,64779
2015-01,Oceania,129274
2015-01,Africa,6391
2015-02,Asia,907897
2015-02,Europe,147150
2015-02,Americas,57924
2015-02,Oceania,72276
2015-02,Africa,3567
2015-03,Asia,891636
2015-03,Europe,160337
2015-03,Americas,64765
2015-03,Oceania,79760
2015-03,Africa,5150
2015-04,Asia,930884
2015-04,Europe,128143
2015-04,Americas,49145
2015-04,Oceania,94024
2015-04,Africa,6424
2015-05,Asia,985040
2015-05,Europe,99877
2015-05,Americas,48014
2015-05,Oceania,85227
2015-05,Africa,4675
2015-06,Asia,941202
2015-06,Europe,88462
2015-06,Americas,55325
2015-06,Oceania,95694
2015-06,Africa,4061
2015-07,Asia,1206919
2015-07,Europe,136810
2015-07,Americas,56516
2015-07,Oceania,113545
2015-07,Africa,5397
2015-08,Asia,1128941
2015-08,Europe,163403
2015-08,Americas,49942
2015-08,Oceania,96654
2015-08,Africa,6111
2015-09,Asia,853914
2015-09,Europe,119883
2015-09,Americas,42352
2015-09,Oceania,110596
2015-09,Africa,5219
2015-10,Asia,939569
2015-10,Europe,139233
2015-10,Americas,52887
2015-10,Oceania,109147
2015-10,Africa,5868
2015-11,Asia,903046
2015-11,Europe,144962
2015-11,Americas,54577
2015-11,Oceania,85954
2015-11,Africa,5362